User1,User2,User3,User4,User5,User6,User7,User8,User9,User10,
User11,User12,User13,User14,User15,User16,User17,User18,User19,User20,
User21,User22,User23,User24,User25,User26,User27,User28,User29,User30,
User31,User32,User33,User34,User35,User36,User37,User38,User39,User40,
User41,User42,User43,User44,User45,User46,User47,User48,User49,User50,
User51,User52,User53,User54,User55,User56,User57,User58,User59,User60,
User61,User62,User63,User64,User65,User66,User67,User68,User69,User70,
User71,User72,User73,User74,User75,User76,User77,User78,User79,User80,
User81,User82,User83,User84,User85,User86,User87,User88,User89,User90,
User91,User92,User93,User94,User95,User96,User97,User98,User99,User100
